{
  "feature_set": "strength_legs",
  "feature_names": [
    "cosine_hip_abduction",
    "cosine_hip_knee_ankle_l",
    "cosine_hip_knee_ankle_r",
    "cosine_knee_ankle_foot_l",
    "cosine_knee_ankle_foot_r",
    "cosine_shoulder_hip_knee_l",
    "cosine_shoulder_hip_knee_r",
    "cosine_torso_bend",
    "cosine_torso_shin_parallelism",
    "hip_abduction",
    "hip_knee_ankle_l",
    "hip_knee_ankle_r",
    "hyperextension_knee_l",
    "hyperextension_knee_r",
    "knee_ankle_foot_l",
    "knee_ankle_foot_r",
    "knee_valgus_l",
    "knee_valgus_r",
    "pelvic_tilt",
    "shin_l_verticality",
    "shin_r_verticality",
    "shoulder_hip_knee_l",
    "shoulder_hip_knee_r",
    "symmetry_lower",
    "symmetry_upper",
    "thigh_l_verticality",
    "thigh_r_verticality",
    "torso_bend",
    "torso_shin_parallelism",
    "torso_twist_ratio",
    "torso_verticality",
    "velocity_ankle_l",
    "velocity_ankle_r",
    "velocity_hip_l",
    "velocity_hip_r",
    "velocity_knee_l",
    "velocity_knee_r",
    "weight_shift_lateral"
  ],
  "labels": {
    "1_Ready": {
      "features": [
        0.7907958030700684,
        -0.9674137234687805,
        -0.9917086362838745,
        -0.5258078575134277,
        -0.39765799045562744,
        -0.9914008975028992,
        -0.9789282083511353,
        -0.9935342073440552,
        0.9869898557662964,
        37.74005889892578,
        165.33299255371094,
        172.61669921875,
        0.0,
        0.0,
        121.72264862060547,
        113.43184661865234,
        -0.1395760327577591,
        -0.04663185775279999,
        1.945098876953125,
        166.3003387451172,
        172.2849578857422,
        172.48072814941406,
        168.21705627441406,
        0.9568319320678711,
        0.8870999813079834,
        172.06845092773438,
        174.37364196777344,
        173.48097229003906,
        9.252320289611816,
        3.9683732986450195,
        175.1409454345703,
        0.13891252875328064,
        0.34254077076911926,
        0.018428711220622063,
        0.018428711220622063,
        0.08244439214468002,
        0.29793277382850647,
        -0.11678751558065414
      ],
      "stdDev": [
        0.06510441688416523,
        0.09932467791800763,
        0.13639035352449091,
        0.055144331948591425,
        0.07737400996384906,
        0.08423439304876183,
        0.12583680829527918,
        0.0963834854893283,
        0.054761228006753586,
        5.599161731058133,
        8.933544944632366,
        14.726633418612037,
        0.0,
        0.05267660502490757,
        4.18233645995266,
        5.142343354276837,
        0.06170375713353496,
        0.11834251424269891,
        0.08608332248206967,
        5.194997830795132,
        5.93858573354502,
        10.212733884827962,
        13.224372927885012,
        0.025287053830501758,
        0.09050401936890616,
        6.218967051497012,
        10.103786272291062,
        12.526516701248545,
        5.865280062369417,
        4.293660249829816,
        5.7074432972514,
        0.21028104775575665,
        0.2664251202809116,
        0.023573650645327404,
        0.023573650650540925,
        0.19026648203074556,
        0.2831174479050929,
        0.14915437076562696
      ]
    },
    "2_Down": {
      "features": [
        0.703801691532135,
        -0.7450267672538757,
        -0.4897342324256897,
        -0.5092130899429321,
        -0.39445760846138,
        -0.6916160583496094,
        -0.5292157530784607,
        -0.6453827023506165,
        0.9915236830711365,
        45.26718521118164,
        138.16139221191406,
        119.3231201171875,
        0.0,
        0.0,
        120.6114273071289,
        113.2321548461914,
        -0.12934952974319458,
        -0.2688669264316559,
        1.6331835985183716,
        164.14610290527344,
        162.89697265625,
        133.75816345214844,
        121.95248413085938,
        0.9316643476486206,
        0.9438497424125671,
        150.90478515625,
        139.92031860351562,
        130.1943817138672,
        7.465321063995361,
        3.4696669578552246,
        161.92955017089844,
        0.75,
        0.75,
        0.03935599699616432,
        0.03935599699616432,
        0.7346349358558655,
        0.75,
        -0.03968098759651184
      ],
      "stdDev": [
        0.10414896533280747,
        0.5697177163742104,
        0.49825798497505863,
        0.11655734799605068,
        0.15163316182246803,
        0.40065560649601273,
        0.4122908446988358,
        0.40258872081908237,
        0.33041107239743533,
        8.417557858967587,
        40.06965851048918,
        35.2762634291407,
        0.0,
        0.014645060558255742,
        8.08523807503679,
        10.586338211374732,
        0.3376598135921508,
        0.19413826756579874,
        0.23888026775484958,
        30.845078472580607,
        26.739175017375192,
        31.103613809706403,
        30.10292507111141,
        0.03651134504407795,
        0.07232731409369028,
        22.233086212850996,
        21.141254562178496,
        31.020459570233115,
        27.90076896822706,
        8.623086920792549,
        9.542276269538542,
        0.23268803998250603,
        0.19890909240889482,
        0.032009881136251965,
        0.032009881141755805,
        0.24136052314255635,
        0.2149013037198124,
        0.3605362324096603
      ]
    },
    "3_Peak": {
      "features": [
        0.5331936180591583,
        0.03689673915505409,
        0.2570748031139374,
        -0.5028473138809204,
        -0.4861919581890106,
        0.2779858112335205,
        0.46860408782958984,
        0.3744933307170868,
        0.9796093106269836,
        57.77851104736328,
        87.88549423217773,
        75.10343933105469,
        0.0,
        0.0,
        120.18856048583984,
        119.09060668945312,
        -0.1357877552509308,
        -0.7382043600082397,
        1.165828824043274,
        159.43836212158203,
        158.96458435058594,
        73.85997009277344,
        62.056278228759766,
        0.927526593208313,
        0.9620580673217773,
        110.6508560180664,
        98.29462432861328,
        68.00699615478516,
        11.590291023254395,
        2.1083078384399414,
        148.32965087890625,
        0.29869550466537476,
        0.3853777050971985,
        0.026801548898220062,
        0.026801548898220062,
        0.3323432207107544,
        0.3342670202255249,
        0.016626298427581787
      ],
      "stdDev": [
        0.08771335252256764,
        0.22239928989991053,
        0.21077491332162124,
        0.10479173833754257,
        0.14025808402737638,
        0.22106886064064524,
        0.23860039710431297,
        0.23593149031798386,
        0.011067778948856365,
        6.3657476520919865,
        13.417332789190116,
        12.40826793228689,
        0.0,
        0.0,
        6.775087628262028,
        10.01803458876525,
        0.08659156110209146,
        0.1583783622563477,
        0.1303440370916308,
        6.032739402004818,
        4.1901924285081416,
        13.116231520424206,
        14.631384481381764,
        0.03338203190881413,
        0.03893166578492384,
        10.923962678560653,
        12.313817071667428,
        14.071622638035524,
        3.484424440914122,
        6.148005708888124,
        5.680670068140961,
        0.28419359509934305,
        0.27844946208634314,
        0.029157175144028897,
        0.029157175143264838,
        0.2961980325439614,
        0.2825265600493957,
        0.12314173701811985
      ]
    },