{
  "feature_set": "strength_legs",
  "feature_names": [
    "cosine_hip_abduction",
    "cosine_hip_knee_ankle_l",
    "cosine_hip_knee_ankle_r",
    "cosine_knee_ankle_foot_l",
    "cosine_knee_ankle_foot_r",
    "cosine_shoulder_hip_knee_l",
    "cosine_shoulder_hip_knee_r",
    "cosine_torso_bend",
    "cosine_torso_shin_parallelism",
    "hip_abduction",
    "hip_knee_ankle_l",
    "hip_knee_ankle_r",
    "hyperextension_knee_l",
    "hyperextension_knee_r",
    "knee_ankle_foot_l",
    "knee_ankle_foot_r",
    "knee_valgus_l",
    "knee_valgus_r",
    "pelvic_tilt",
    "shin_l_verticality",
    "shin_r_verticality",
    "shoulder_hip_knee_l",
    "shoulder_hip_knee_r",
    "symmetry_lower",
    "symmetry_upper",
    "thigh_l_verticality",
    "thigh_r_verticality",
    "torso_bend",
    "torso_shin_parallelism",
    "torso_twist_ratio",
    "torso_verticality",
    "velocity_ankle_l",
    "velocity_ankle_r",
    "velocity_hip_l",
    "velocity_hip_r",
    "velocity_knee_l",
    "velocity_knee_r",
    "weight_shift_lateral"
  ],
  "labels": {
    "1_Ready": {
      "features": [
        0.8526791930198669,
        -0.9924876689910889,
        -0.9622355699539185,
        -0.40754005312919617,
        -0.39767739176750183,
        -0.969831109046936,
        -0.9380320906639099,
        -0.9700176119804382,
        0.9954829216003418,
        31.49571990966797,
        172.97256469726562,
        164.20370483398438,
        0.0,
        0.0,
        114.05039978027344,
        113.43306732177734,
        -0.0323321595788002,
        0.05371149256825447,
        1.9410700798034668,
        173.48654174804688,
        172.66622924804688,
        165.890380859375,
        159.72366333007812,
        0.9562955498695374,
        0.9460856914520264,
        174.775390625,
        170.31375122070312,
        165.9342803955078,
        5.447911739349365,
        6.2215118408203125,
        170.68069458007812,
        0.3605786859989166,
        0.3219095766544342,
        0.02415608800947666,
        0.02415608800947666,
        0.26255109906196594,
        0.24149173498153687,
        -0.1585467904806137
      ],
      "stdDev": [
        0.14473961195490853,
        0.07416261386116042,
        0.10614665641466603,
        0.18073580453306756,
        0.16199352573921333,
        0.1861893920911872,
        0.18659894911026753,
        0.16079325765279207,
        0.10467755024653043,
        10.47383292572903,
        9.168383707763757,
        10.916734119198866,
        0.06622130041490336,
        0.006974787526078788,
        14.443878450267666,
        11.840982880095094,
        0.1810986050196073,
        0.08679468035340038,
        0.04202276980068543,
        10.512902817026339,
        10.679575774439003,
        17.213555740611877,
        16.722109290004855,
        0.047084535260615776,
        0.06433976176921542,
        6.0382674056435635,
        7.597429965859531,
        16.549993790336423,
        12.753240756046946,
        7.449713624254658,
        17.6722261163864,
        0.27723872213306144,
        0.2727198309290775,
        0.10403865191836933,
        0.10403865191788468,
        0.2602418873814792,
        0.256466923503798,
        0.35987765232679353
      ]
    },
    "2_Down_L": {
      "features": [
        0.5004698038101196,
        -0.9725542068481445,
        -0.9132664799690247,
        -0.4563371241092682,
        -0.5846320390701294,
        -0.9692496657371521,
        -0.5904752612113953,
        -0.890811026096344,
        0.9834145307540894,
        59.968910217285156,
        166.54531860351562,
        155.9607391357422,
        0.0,
        0.0,
        117.15099334716797,
        125.77700805664062,
        0.01584632135927677,
        0.01918911747634411,
        1.9188083410263062,
        135.62486267089844,
        171.39833068847656,
        165.75436401367188,
        126.19073486328125,
        0.9297808408737183,
        0.9445122480392456,
        149.6697235107422,
        156.50955200195312,
        152.975341796875,
        10.449694633483887,
        5.729468822479248,
        153.3443145751953,
        0.75,
        0.75,
        0.03355725482106209,
        0.03355725482106209,
        0.75,
        0.75,
        -0.31127750873565674
      ],
      "stdDev": [
        0.44242383047301587,
        0.14161976189276684,
        0.2927648699544492,
        0.1653669727422519,
        0.14196816766274778,
        0.17175678231039848,
        0.3564639844376717,
        0.1650641560301584,
        0.10371812592482241,
        28.69295824088257,
        15.578570948891613,
        24.051084590445917,
        0.03906103580908355,
        0.0,
        12.6765117902921,
        10.538934387574518,
        0.1467196343709974,
        0.16174900533177314,
        0.06713090397155105,
        22.599336113904638,
        6.936164167925745,
        15.944594564782404,
        24.787609646235097,
        0.10896154929251524,
        0.09094694272155265,
        13.378065017023312,
        21.78586003732401,
        14.666051355587362,
        12.374185392442639,
        7.720359614048748,
        14.251244910514577,
        0.16291756229391333,
        0.17721566995701976,
        0.06709508217075243,
        0.0670950821774128,
        0.20883996949475753,
        0.19967463377073816,
        0.25913474305631706
      ]
    },
    "2_Down_R": {
      "features": [
        0.5992746353149414,
        -0.9605669379234314,
        -0.9163020253181458,
        -0.6767051815986633,
        -0.4441312551498413,
        -0.7168422341346741,
        -0.9576542377471924,
        -0.8922450542449951,
        0.9882332682609558,
        53.182037353515625,
        163.85621643066406,
        156.39132690429688,
        0.0,
        0.0,
        132.58670043945312,
        116.36776733398438,
        -0.0004195521178189665,
        0.05705435201525688,
        1.93905907869339,
        169.5160369873047,
        130.36512756347656,
        135.7943878173828,
        163.2664794921875,
        0.9150195717811584,
        0.9461514949798584,
        162.2240753173828,
        159.58030700683594,
        153.15673828125,
        8.79817008972168,
        15.01140022277832,
        150.70297241210938,
        0.75,
        0.75,
        0.052033886313438416,
        0.052033886313438416,
        0.75,
        0.75,
        0.028251858428120613
      ],
      "stdDev": [
        0.4380589168313898,
        0.23327708904093764,
        0.20004011626231777,
        0.13956723214843705,
        0.14785015242450686,
        0.3388013238346829,
        0.11994077598984178,
        0.12098018319780124,
        0.07234004003160621,
        29.44684884979761,
        22.05913957731849,
        17.172342179589766,
        0.04182695110626801,
        0.003876225559828272,
        10.448406451326289,
        10.218124107218424,
        0.19715751329161682,
        0.133434774570091,
        0.07237946408348747,
        7.388367989089458,
        20.723026123704077,
        25.338566594802774,
        11.737402494884721,
        0.08372345240946974,
        0.05935527107200013,
        22.387481896750813,
        12.477569672629077,
        11.201402447754052,
        9.829546926040422,
        12.970715346172916,
        9.997140602298773,
        0.17018366698555307,
        0.16199204558534724,
        0.09109045776092892,
        0.0910904577598754,
        0.19286869272734997,
        0.2162415497294645,
        0.4769665931477664
      ]
    },